,molecular_weight,molecular_weight,molecular_weight,h_bond_donors,h_bond_donors,h_bond_donors,h_bond_acceptors,h_bond_acceptors,h_bond_acceptors,rotatable_bonds,rotatable_bonds,rotatable_bonds,tpsa,tpsa,tpsa,log_p,log_p,log_p
,mean,std,median,mean,std,median,mean,std,median,mean,std,median,mean,std,median,mean,std,median
Delta_PCE_quartile,,,,,,,,,,,,,,,,,,
Q1 (Low),251.17833494729305,307.1349209358555,157.64,0.6368381804623415,2.2970032706305465,0.0,1.749440715883669,3.2965169407571953,1.0,2.2431021625652496,6.695551468989191,0.0,34.36246085011185,71.02207274134577,20.31,1.3803955406413138,5.765430827627162,0.01438
Q2,248.63731651846615,292.81539404113926,161.16,0.8168279970215935,1.7502266592128741,0.0,1.9307520476545048,3.8570352950274955,1.0,2.255398361876396,5.953207901905145,0.0,39.74463142218913,70.59938013575844,26.02,1.3260256962025336,5.910207036651302,0.246
Q3,250.92364091249812,265.9887604208445,166.0028,0.7981995498874719,1.66907836298107,0.0,1.930232558139535,3.2683429726264874,1.0,2.2288072018004503,4.845140425036873,0.0,40.55512378094524,66.30885060379819,26.02,1.263380982745688,5.785869395080139,0.2133
Q4 (High),283.62576458375145,360.12673920537026,153.18,0.6619296933433059,2.1565233548661644,0.0,2.2056843679880327,3.736696642157541,1.0,2.9341810022438293,6.97580334309855,0.0,37.944592370979805,67.70725018892614,26.02,2.342367344801797,6.535750971349454,0.3736999999999999
